<?xml version="1.0" encoding="utf-8" ?>
<dwsync>
<file name="flash10alert.gif" server="niimei.wicp.net//usr/local/nginx/html/" local="130882830220000000" remote="130882830220000000" Dst="0" />
<file name="uploading.gif" server="niimei.wicp.net//usr/local/nginx/html/" local="130882830300000000" remote="130882830300000000" Dst="0" />
<file name="mod.gif" server="niimei.wicp.net//usr/local/nginx/html/" local="130882830220000000" remote="130882830220000000" Dst="0" />
<file name="uploaderror.png" server="niimei.wicp.net//usr/local/nginx/html/" local="130882830300000000" remote="130882830300000000" Dst="0" />
<file name="uploader - 鎷疯礉.js" server="niimei.wicp.net//usr/local/nginx/html/" local="130882830270000000" remote="130882830270000000" Dst="0" />
<file name="uploader.js" server="niimei.wicp.net//usr/local/nginx/html/" local="130882830280000000" remote="130882830280000000" Dst="0" />
<file name="flash10alert.png" server="niimei.wicp.net//usr/local/nginx/html/" local="130882830220000000" remote="130882830220000000" Dst="0" />
<file name="progress.gif" server="niimei.wicp.net//usr/local/nginx/html/" local="130882830230000000" remote="130882830230000000" Dst="0" />
<file name="uploader.swf" server="niimei.wicp.net//usr/local/nginx/html/" local="130882830280000000" remote="130882830280000000" Dst="0" />
<file name="blocks.gif" server="niimei.wicp.net//usr/local/nginx/html/" local="130882830070000000" remote="130882830070000000" Dst="0" />
<file name="circle.png" server="niimei.wicp.net//usr/local/nginx/html/" local="130882830070000000" remote="130882830070000000" Dst="0" />
<file name="button.png" server="niimei.wicp.net//usr/local/nginx/html/" local="130882830070000000" remote="130882830070000000" Dst="0" />
<file name="continuous.gif" server="niimei.wicp.net//usr/local/nginx/html/" local="130882830070000000" remote="130882830070000000" Dst="0" />
<file name="uploadok.png" server="niimei.wicp.net//usr/local/nginx/html/" local="130882830310000000" remote="130882830310000000" Dst="0" />
<file name="stop.png" server="niimei.wicp.net//usr/local/nginx/html/" local="130882830250000000" remote="130882830250000000" Dst="0" />
<file name="silverlight.xap" server="niimei.wicp.net//usr/local/nginx/html/" local="130882830240000000" remote="130882830240000000" Dst="0" />
<file name="resuming.gif" server="niimei.wicp.net//usr/local/nginx/html/" local="130882830240000000" remote="130882830240000000" Dst="0" />
<file name="e.js" server="niimei.wicp.net//usr/local/nginx/html/" local="130882830210000000" remote="130882830210000000" Dst="0" />
<file name="uploader10.swf" server="niimei.wicp.net//usr/local/nginx/html/" local="130882830300000000" remote="130882830300000000" Dst="0" />
</dwsync>