<?xml version="1.0" encoding="utf-8" ?>
<dwsync>
<file name="btn.png" server="F:/Server/ha_USBWebserver/root/" local="131417361553127160" remote="131417361550000000" Dst="0" />
<file name="input_hd.png" server="F:/Server/ha_USBWebserver/root/" local="131417361579927198" remote="131417361570000000" Dst="0" />
<file name="loading.gif" server="F:/Server/ha_USBWebserver/root/" local="131417361605727234" remote="131417361600000000" Dst="0" />
<file name="tips_follow.png" server="F:/Server/ha_USBWebserver/root/" local="131417361552127159" remote="131417361550000000" Dst="0" />
<file name="light_mini.png" server="F:/Server/ha_USBWebserver/root/" local="131417361599927226" remote="131417361590000000" Dst="0" />
<file name="close.png" server="F:/Server/ha_USBWebserver/root/" local="131417361547327152" remote="131417361540000000" Dst="0" />
<file name="return.png" server="F:/Server/ha_USBWebserver/root/" local="131417361642327285" remote="131417361640000000" Dst="0" />
<file name="hr.png" server="F:/Server/ha_USBWebserver/root/" local="131417361565727178" remote="131417361560000000" Dst="0" />
<file name="high_light.png" server="F:/Server/ha_USBWebserver/root/" local="131417361571727186" remote="131417361570000000" Dst="0" />
<file name="icon_list.png" server="F:/Server/ha_USBWebserver/root/" local="131417361580627199" remote="131417361580000000" Dst="0" />
<file name="btn_wrap.png" server="F:/Server/ha_USBWebserver/root/" local="131417361587827209" remote="131417361580000000" Dst="0" />
<file name="pop_showmsg.png" server="F:/Server/ha_USBWebserver/root/" local="131417361585427205" remote="131417361580000000" Dst="0" />
<file name="admin_style.css" server="F:/Server/ha_USBWebserver/root/" local="131417361547127152" remote="131417361540000000" Dst="0" />
</dwsync>